Operation,Average Time (ms),Minimum Time (ms),Maximum Time (ms),Standard Deviation (ms)
RSA Key Generation,163.2704819125744,40.46550008933991,317.4725000280887,78.99534961082556
RSA Encryption,0.17567774824177226,0.12149999383836985,0.29383297078311443,0.04237682272088553
RSA Decryption,3.977815325682362,3.8549579912796617,4.10270900465548,0.06280469134977387
